(no author) = (no author) <(no author)>
Jojo080889@gmail.com = Jojo080889@gmail.com <Jojo080889@gmail.com>
MichaelQTLam@gmail.com = MichaelQTLam@gmail.com <MichaelQTLam@gmail.com>
aricahunter@gmail.com = aricahunter@gmail.com <aricahunter@gmail.com>
blueomh = blueomh <blueomh>
cmbaker@cs.washington.edu = cmbaker@cs.washington.edu <cmbaker@cs.washington.edu>
emily.fortuna = emily.fortuna <emily.fortuna>
ether@cs.washington.edu = ether@cs.washington.edu <ether@cs.washington.edu>
hollijr = hollijr <hollijr>
hollijr@gmail.com = hollijr@gmail.com <hollijr@gmail.com>
jbehmer = jbehmer <jbehmer>
jeffrey.scofield@gmail.com = jeffrey.scofield@gmail.com <jeffrey.scofield@gmail.com>
jjmuhm = jjmuhm <jjmuhm>
jsingh4@uw.edu = jsingh4@uw.edu <jsingh4@uw.edu>
lauren.r.milne@gmail.com = lauren.r.milne@gmail.com <lauren.r.milne@gmail.com>
michaelqtlam@gmail.com = michaelqtlam@gmail.com <michaelqtlam@gmail.com>
nictor89 = nictor89 <nictor89>
shani.jayant = shani.jayant <shani.jayant>
shanithemonkey = shanithemonkey <shanithemonkey>
shiri.azenkot = shiri.azenkot <shiri.azenkot>
shiri.azenkot@gmail.com = shiri.azenkot@gmail.com <shiri.azenkot@gmail.com>
willij6 = willij6 <willij6>
